7898126400025;6;SH BIO EXTRATUS TUTANO 500ML
7898126400056;4;COND BIO EXTRATUS TUTANO 500ML
7898126400070;2;CR TRAT BIO EXTRATUS TUTANO 1KG
7898126400087;6;CR TRAT BIO EXTRATUS TUTANO 250GR
7898126400117;6;CR PENTEAR BIO EXTRATUS TUTANO 250ML
7898126400162;3;SH BIO EXTRATUS NEUTRO 500ML
7898126400193;2;COND BIO EXTRATUS NEUTRO 500ML
7898126400216;4;CR TRAT BIO EXTRATUS NEUTRO 1KG
7898126400247;5;SH BIO EXTRATUS TUTANO 250ML
7898126400254;2;COND BIO EXTRATUS TUTANO 250ML
7898126400261;2;SH BIO EXTRATUS NEUTRO 250ML
7898126400278;2;COND BIO EXTRATUS NEUTRO 250ML
7898126400346;3;SH BIO EXTRATUS JABORANDI 250ML
7898126400414;4;CR TRAT BIO EXTRATUS NEUTRO 250GR
7898126400728;2;CR TRAT BIO EXTRATUS JABORANDI 250GR
7898126400933;2;CERA FINAL BIO EXTRATUS SILITAN 40GR
7898126401190;6;CR TRAT BIO EXTRATUS QUERAVIT 250GR
7898126401206;6;REP PONTAS BIO EXTRATUS QUERAVIT 60ML
7898126402210;3;CR TRAT BIO EXTRATUS NEUTRO 500GR
7898126402227;5;CR TRAT BIO EXTRATUS TUTANO 500GR
7898126402234;8;CR TRAT BIO EXTRATUS JABORANDI 500GR
7898126402562;5;CR TRAT BIO EXTRATUS QUERAVIT 1KG
7898126402883;4;CR TRAT BIO EXTRATUS QUERAVIT 500GR
7898126403187;6;CR PENTEAR BIO EXTRATUS TUTANO 500ML
7898126403439;12;CR TRAT CHOQUE BIO EXTRATUS TRITANO 30GR
7898126403453;5;SH BIO EXTRATUS SHITAKE 350ML
7898126403477;4;COND BIO EXTRATUS SHITAKE 350ML
7898126403491;1;CR TRAT BIO EXTRATUS SHITAKE 250GR
7898126403507;1;CR TRAT BIO EXTRATUS SHITAKE 500GR
7898126403552;1;CR PENTEAR BIO EXTRATUS SHITAKE DIA/NOITE 250GR
7898126404054;4;COND BIO EXTRATUS CACHOS 250ML
7898126404061;2;CR PENTEAR BIO EXTRATUS CACHOS 200GR
7898126404078;5;CR TRAT BIO EXTRATUS CACHOS 250GR
7898126404085;1;CR TRAT BIO EXTRATUS CACHOS 500GR
7898126404160;9;COND BIO EXTRATUS QUERAVIT 250ML
7898126404177;1;CR PENTEAR BIO EXTRATUS QUERAVIT 200GR
7898126404184;1;POS SH BIO EXTRATUS QUERAVIT 250ML
7898126404207;10;SH BIO EXTRATUS QUERAVIT 250ML
7898126404528;4;COND BIO EXTRATUS JABORANDI 500GR
7898126404757;3;SH BIO EXTRATUS POS PROGRESSIVA 250ML
7898126404764;2;COND BIO EXTRATUS POS PROGRESSIVA 250ML
7898126404795;6;CR TRAT BIO EXTRATUS POS PROGRESSIVA 500GR
7898126405310;7;QUERATINA LIQ BIO EXTRATUS QUERAVIT 250ML
7898126405792;7;SH BIO EXTRATUS RESGATE 300ML
7898126405815;4;COND BIO EXTRATUS RESGATE 300ML
7898126405846;5;CR TRAT BIO EXTRATUS RESGATE 250ML
7898126406270;4;CR PENTEAR BIO EXTRATUS MATIZANTE 200GR
7898126406287;6;CR TRAT BIO EXTRATUS MATIZANTE VIOLETA 250GR
7898126406294;4;SH BIO EXTRATUS MATIZANTE 300ML
7898126406690;3;CR TRAT BIO EXTRATUS MATIZANTE CINZA 250GR
7898126406881;4;CR TRAT BIO EXTRATUS DETOX 250GR
7898126406898;2;SH BIO EXTRATUS DETOX 300ML
7898126406904;6;CR PENTEAR BIO EXTRATUS DETOX 200GR
7898126407000;3;SH BIO EXTRATUS BOTICA CACHOS 270ML
7898126407024;3;CR TRAT BIO EXTRATUS BOTICA CACHOS 250GR
7898126407031;5;GELATINA BIO EXTRATUS BOTICA CACHOS 150ML
7898126407314;2;CR PENTEAR BIO EXTRATUS JABORANDI 150GR
7898126407536;5;SH BIO EXTRATUS FORCA COM PIMENTA 350ML
7898126407550;3;COND BIO EXTRATUS FORCA COM PIMENTA 350ML
7898126407581;4;CR TRAT BIO EXTRATUS FORCA COM PIMENTA 250GR
7898126407611;4;TONICO CAPILAR BIO EXTRATUS FORCA COM PIMENTA 100ML
7898126407765;2;CR TRAT BIO EXTRATUS CACHOS 450GR
7898126407772;5;SH BIO EXTRATUS POS QUIMICA
7898126407789;4;COND BIO EXTRATUS POS QUIMICA 250ML
7898126407796;2;CR TRAT BIO EXTRATUS POS QUIMICA 250GR
7898126407802;1;CR PENTEAR BIO EXTRATUS POS QUIMICA 150GR
7898126407819;18;CR TRAT CHOQUE BIO EXTRATUS ABACATE 30GR
7898126407857;3;SH BIO EXTRATUS POS QUIMICA 500ML
7898126407901;3;CR TRAT BIO EXTRATUS POS QUIMICA 500GR
7898126407932;6;CR TRAT CHOQUE BIO EXTRATUS FORCA PIMENTA 30GR
7898126407949;12;CR TRAT CHOQUE BIO EXTRATUS QUERAVIT 30GR
7898126408120;5;SH BIO EXTRATUS QUERAVIT 500ML
7898126408137;5;COND BIO EXTRATUS QUERAVIT 500ML
7898126408182;3;TINT BIO EXTRATUS COLOR 1.0
7898126408199;7;TINT BIO EXTRATUS COLOR 3.0
7898126408205;5;TINT BIO EXTRATUS COLOR 4.0
7898126408212;4;TINT BIO EXTRATUS COLOR 5.0
7898126408229;4;TINT BIO EXTRATUS COLOR 6.0
7898126408236;5;TINT BIO EXTRATUS COLOR 7.0
7898126408267;2;TINT BIO EXTRATUS COLOR 10.0
7898126408458;9;TINT BIO EXTRATUS COLOR 6.66
7898126408465;6;TINT BIO EXTRATUS COLOR 7.66
7898126408472;5;TINT BIO EXTRATUS COLOR 8.66
7898126408496;3;TINT BIO EXTRATUS COLOR 9.21
7898126408502;2;TINT BIO EXTRATUS COLOR 10.21
7898126408557;2;TINT BIO EXTRATUS COLOR 6.7
7898126408595;2;TINT BIO EXTRATUS COLOR 11.0
7898126408649;12;TINT BIO EXTRATUS COLOR
7898126408663;3;TINT BIO EXTRATUS COLOR 0.2
7898126408670;2;TINT BIO EXTRATUS COLOR 0SS
7898126408953;11;SH BIO EXTRATUS POS COLORACAO 250ML
7898126408977;11;COND BIO EXTRATUS POS COLORACAO 250ML
7898126409004;5;CR TRAT BIO EXTRATUS POS COLORACAO 250GR
7898126409042;13;CR TRAT CHOQUE BIO EXTRATUS POS COLORACAO 30GR
7898126409158;6;SH BIO EXTRATUS POS COLORACAO 500ML
7898126409165;3;COND BIO EXTRATUS POS COLORACAO 500ML
7898126409172;3;CR TRAT BIO EXTRATUS POS COLORACAO 500GR
7898126409363;6;AGUA OXIGENADA BIO EXTRATUS 10VL 90ML
7898126409387;1;AGUA OXIGENADA BIO EXTRATUS 30VL 90ML
7898126409394;4;AGUA OXIGENADA BIO EXTRATUS 40VL 90ML
7898126409462;2;SH BIO EXTRATUS HOMEM CABELO E BARBA 250ML
7898126409493;2;COND BIO EXTRATUS HOMEM CABELO E BARBA 300ML
7898126409554;5;PO DESCOLORANTE BIO EXTRATUS TUTANO E QUERATINA 50GR
7898126409592;4;KIT BIO EXTRATUS SH+CONDVPOS COLORACAO 530GR
7898132980603;5;SH BIO EXTRATUS LISO 350ML
7898132980610;4;COND BIO EXTRATUS LISO 350ML
7898132980641;5;CR TRAT BIO EXTRATUS LISO 250GR
7898132980658;3;CR TRAT BIO EXTRATUS LISO 500GR
